{"accuracy": [0.8765000104904175, 0.9177500009536743, 0.922249972820282, 0.9269999861717224, 0.9325000047683716, 0.9382500052452087, 0.9387500286102295, 0.9462500214576721, 0.9492499828338623, 0.9507499933242798, 0.9547500014305115, 0.9507499933242798, 0.952750027179718, 0.9482499957084656, 0.9602500200271606, 0.965749979019165, 0.9652500152587891, 0.9667500257492065, 0.9662500023841858, 0.9702500104904175, 0.9704999923706055, 0.968500018119812, 0.9635000228881836, 0.9682499766349792, 0.9710000157356262, 0.9670000076293945, 0.9712499976158142, 0.972000002861023, 0.968999981880188, 0.9707499742507935, 0.9760000109672546, 0.972000002861023, 0.9674999713897705, 0.9747499823570251, 0.9735000133514404, 0.9714999794960022, 0.9750000238418579, 0.9757500290870667, 0.9785000085830688, 0.9804999828338623, 0.9772499799728394, 0.9779999852180481, 0.9767500162124634, 0.9810000061988831, 0.9810000061988831, 0.9797499775886536, 0.9817500114440918, 0.9804999828338623], "auc": [0.9430953860282898, 0.972284734249115, 0.9759237170219421, 0.978535532951355, 0.9819375872612, 0.9852432012557983, 0.9853052496910095, 0.9871928095817566, 0.9896240830421448, 0.9908214211463928, 0.9903120994567871, 0.9886369705200195, 0.9903863072395325, 0.9906636476516724, 0.9930408000946045, 0.9950111508369446, 0.9957321286201477, 0.9956507682800293, 0.9946134686470032, 0.996282160282135, 0.9968956708908081, 0.9960471987724304, 0.9941475987434387, 0.9959900975227356, 0.9965433478355408, 0.9948742389678955, 0.9964914917945862, 0.9972066283226013, 0.9964743852615356, 0.9967251420021057, 0.9966335296630859, 0.9973438382148743, 0.9961547255516052, 0.9973747730255127, 0.9964170455932617, 0.9964281320571899, 0.9968178868293762, 0.9977468252182007, 0.9973465204238892, 0.9983251690864563, 0.9981071352958679, 0.997616708278656, 0.9976454973220825, 0.9981552362442017, 0.9983334541320801, 0.9981486201286316, 0.9979783296585083, 0.9977388381958008], "loss": [0.3061921000480652, 0.21240779757499695, 0.19766615331172943, 0.18330468237400055, 0.17143192887306213, 0.15308703482151031, 0.15294450521469116, 0.14295212924480438, 0.12860679626464844, 0.119664266705513, 0.12037340551614761, 0.13134685158729553, 0.12445643544197083, 0.12428412586450577, 0.10391901433467865, 0.09129766374826431, 0.08459359407424927, 0.08393874764442444, 0.08818905055522919, 0.07653117179870605, 0.07126307487487793, 0.07987117767333984, 0.09388245642185211, 0.07964906841516495, 0.07350347191095352, 0.08764873445034027, 0.0756969004869461, 0.06893125176429749, 0.07407481968402863, 0.07316947728395462, 0.07077281922101974, 0.06701020151376724, 0.07942630350589752, 0.06606823205947876, 0.07172582298517227, 0.0715651735663414, 0.06601191312074661, 0.062147773802280426, 0.06028995290398598, 0.05328720435500145, 0.057010799646377563, 0.0621166005730629, 0.06247939169406891, 0.053708866238594055, 0.05317046865820885, 0.05402315407991409, 0.053249288350343704, 0.05679859220981598], "precision": [0.8565340638160706, 0.9053857326507568, 0.918691098690033, 0.9257228374481201, 0.9211295247077942, 0.9319862127304077, 0.9376558661460876, 0.9411764740943909, 0.9406571984291077, 0.9478390216827393, 0.9545227289199829, 0.951427161693573, 0.948045551776886, 0.9484742283821106, 0.9591022729873657, 0.9673858284950256, 0.9640897512435913, 0.9641969203948975, 0.9655516743659973, 0.9635288119316101, 0.9681591987609863, 0.9713279604911804, 0.9539666771888733, 0.9703666567802429, 0.9667987823486328, 0.9670000076293945, 0.9696063995361328, 0.9710578918457031, 0.9680638909339905, 0.970985472202301, 0.974103569984436, 0.9696517586708069, 0.9665668606758118, 0.9768960475921631, 0.9678853750228882, 0.9714999794960022, 0.9716981053352356, 0.97598797082901, 0.977544903755188, 0.9814629554748535, 0.9774887561798096, 0.9765703082084656, 0.9813225865364075, 0.9795613288879395, 0.9795613288879395, 0.9804707169532776, 0.981509268283844, 0.9809809923171997], "recall": [0.9045000076293945, 0.9330000281333923, 0.9265000224113464, 0.9284999966621399, 0.9459999799728394, 0.9455000162124634, 0.9399999976158142, 0.9520000219345093, 0.9589999914169312, 0.9539999961853027, 0.9549999833106995, 0.949999988079071, 0.9580000042915344, 0.9480000138282776, 0.9614999890327454, 0.9639999866485596, 0.9664999842643738, 0.9695000052452087, 0.9670000076293945, 0.9775000214576721, 0.9729999899864197, 0.965499997138977, 0.9739999771118164, 0.9660000205039978, 0.9754999876022339, 0.9670000076293945, 0.9729999899864197, 0.9729999899864197, 0.9700000286102295, 0.9704999923706055, 0.9779999852180481, 0.9745000004768372, 0.968500018119812, 0.9725000262260437, 0.9794999957084656, 0.9714999794960022, 0.9785000085830688, 0.9754999876022339, 0.9794999957084656, 0.9794999957084656, 0.9769999980926514, 0.9794999957084656, 0.972000002861023, 0.9825000166893005, 0.9825000166893005, 0.9789999723434448, 0.9819999933242798, 0.9800000190734863], "val_accuracy": [0.6340000033378601, 0.6639999747276306, 0.5009999871253967, 0.765999972820282, 0.7720000147819519, 0.8610000014305115, 0.8880000114440918, 0.8600000143051147, 0.8539999723434448, 0.9240000247955322, 0.8759999871253967, 0.9039999842643738, 0.8180000185966492, 0.9269999861717224, 0.9380000233650208, 0.9539999961853027, 0.9449999928474426, 0.9649999737739563, 0.9350000023841858, 0.9629999995231628, 0.9649999737739563, 0.9559999704360962, 0.9570000171661377, 0.9399999976158142, 0.9359999895095825, 0.9620000123977661, 0.9589999914169312, 0.9570000171661377, 0.9359999895095825, 0.9610000252723694, 0.9679999947547913, 0.9559999704360962, 0.9430000185966492, 0.9660000205039978, 0.9610000252723694, 0.9160000085830688, 0.9570000171661377, 0.9670000076293945, 0.9639999866485596, 0.9580000042915344, 0.9559999704360962, 0.9629999995231628, 0.9649999737739563, 0.9620000123977661, 0.9589999914169312, 0.9589999914169312, 0.9639999866485596, 0.9580000042915344], "val_auc": [0.8153160214424133, 0.7958080768585205, 0.8390859961509705, 0.9105779528617859, 0.9491580128669739, 0.945836067199707, 0.9603579640388489, 0.9351620674133301, 0.9549740552902222, 0.9809740781784058, 0.9426400065422058, 0.9631299376487732, 0.9540159106254578, 0.9833199977874756, 0.9788359999656677, 0.9893440008163452, 0.9897380471229553, 0.9921140074729919, 0.9867838621139526, 0.9911161065101624, 0.9931961297988892, 0.9937459230422974, 0.9930259585380554, 0.9914000034332275, 0.9882920980453491, 0.9951639175415039, 0.994062066078186, 0.9945741295814514, 0.9905239939689636, 0.9939899444580078, 0.99456387758255, 0.9916499853134155, 0.9916740655899048, 0.9949840307235718, 0.9937859177589417, 0.9857959747314453, 0.994801938533783, 0.9960439801216125, 0.9955000281333923, 0.9957420229911804, 0.9953320026397705, 0.994704008102417, 0.994488000869751, 0.9956619739532471, 0.995352029800415, 0.995826005935669, 0.9949100017547607, 0.9961020946502686], "val_loss": [0.6274332404136658, 0.6162458658218384, 2.022803544998169, 0.5004146099090576, 0.5134068727493286, 0.3078203499317169, 0.28206151723861694, 0.38856250047683716, 0.4210033118724823, 0.18657995760440826, 0.4042956233024597, 0.2607088088989258, 0.4666580557823181, 0.20285247266292572, 0.1910019814968109, 0.13388656079769135, 0.14592887461185455, 0.1081509068608284, 0.1679416298866272, 0.11059127748012543, 0.10384174436330795, 0.1140260100364685, 0.12690135836601257, 0.16514192521572113, 0.17990876734256744, 0.10204735398292542, 0.10044220089912415, 0.10687991231679916, 0.17958660423755646, 0.1010630652308464, 0.0918286070227623, 0.11883600056171417, 0.17617303133010864, 0.09286171197891235, 0.10532983392477036, 0.238560751080513, 0.10755942761898041, 0.08748124539852142, 0.0927262231707573, 0.1144864484667778, 0.11597023904323578, 0.10653629899024963, 0.08940477669239044, 0.09583563357591629, 0.10506825894117355, 0.10176678746938705, 0.09656225889921188, 0.11150496453046799],