{"framework": "keras", "model_name": "keras_hybrid.keras", "total_training_time_sec": 496.73803782463074, "avg_time_per_epoch_sec": 15.52306368201971, "epochs_ran": 32, "best_epoch": 22, "best_val_loss": 0.07483458518981934, "best_val_accuracy": 0.9729999899864197, "param_count": 795617, "batch_size": 128, "learning_rate": 0.001, "train_dataset_size": 4000, "val_dataset_size": 1000, "gpu_name": "Tesla T4\nTesla T4", "seed_used": 7331, "run_timestamp": "2026-02-18T08:42:19.794336", "model_size_mb": 9.28660774230957}