{"framework": "keras", "model_name": "keras_cnn_baseline.keras", "total_training_time_sec": 742.6073174476624, "avg_time_per_epoch_sec": 15.470985780159632, "epochs_ran": 48, "best_epoch": 38, "best_val_loss": 0.08748124539852142, "best_val_accuracy": 0.9670000076293945, "param_count": 456673, "batch_size": 128, "learning_rate": 0.001, "train_dataset_size": 4000, "val_dataset_size": 1000, "gpu_name": "Tesla T4\nTesla T4", "seed_used": 7331, "run_timestamp": "2026-02-17T21:53:25.898698", "model_size_mb": 5.307802200317383}