{"accuracy": [0.8759999871253967, 0.9152500033378601, 0.9279999732971191, 0.9322500228881836, 0.9315000176429749, 0.9415000081062317, 0.9419999718666077, 0.9424999952316284, 0.9442499876022339, 0.9602500200271606, 0.9607499837875366, 0.9585000276565552, 0.9664999842643738, 0.9632499814033508, 0.971750020980835, 0.9750000238418579, 0.971750020980835, 0.9702500104904175, 0.9737499952316284, 0.9769999980926514, 0.9757500290870667, 0.9747499823570251, 0.9692500233650208, 0.9725000262260437, 0.9777500033378601, 0.9760000109672546, 0.9767500162124634, 0.981249988079071, 0.9779999852180481, 0.9817500114440918, 0.9785000085830688, 0.984000027179718], "auc": [0.948154628276825, 0.9692777395248413, 0.9791954755783081, 0.9772383570671082, 0.9797622561454773, 0.9863519072532654, 0.9862006306648254, 0.9872398376464844, 0.9890753626823425, 0.9932986497879028, 0.9918379783630371, 0.9923214316368103, 0.9952145218849182, 0.9947289228439331, 0.9968974590301514, 0.9966753125190735, 0.9969788193702698, 0.9967166781425476, 0.9965289235115051, 0.9970797896385193, 0.9974666237831116, 0.9969761371612549, 0.9958966374397278, 0.9972519874572754, 0.9974721074104309, 0.997201144695282, 0.9974373579025269, 0.9985197186470032, 0.9979396462440491, 0.9984131455421448, 0.9974073767662048, 0.9986720085144043], "loss": [0.2976146340370178, 0.2217092365026474, 0.18188397586345673, 0.18872562050819397, 0.18209336698055267, 0.14889471232891083, 0.14773575961589813, 0.14150883257389069, 0.1319597065448761, 0.10345427691936493, 0.10591481626033783, 0.10714215040206909, 0.0883701741695404, 0.09179392457008362, 0.0712779313325882, 0.07174940407276154, 0.07078366726636887, 0.07384283095598221, 0.07303506135940552, 0.06424972414970398, 0.061785150319337845, 0.06764339655637741, 0.0809606984257698, 0.0686212033033371, 0.06255485117435455, 0.06612604111433029, 0.059894759207963943, 0.050554342567920685, 0.05606548860669136, 0.04895888641476631, 0.05927775800228119, 0.04721987992525101], "precision": [0.8520599007606506, 0.9017900228500366, 0.9187867045402527, 0.9264923334121704, 0.9276511669158936, 0.9415000081062317, 0.9464646577835083, 0.9385530352592468, 0.9366093277931213, 0.9604802131652832, 0.9596009850502014, 0.9575848579406738, 0.9627976417541504, 0.9658119678497314, 0.9743589758872986, 0.9759519100189209, 0.9696366190910339, 0.9714285731315613, 0.9739869832992554, 0.9750996232032776, 0.9736186861991882, 0.9768960475921631, 0.9620876312255859, 0.9748743772506714, 0.9751367568969727, 0.9764764904975891, 0.9732009768486023, 0.9814907312393188, 0.9765703082084656, 0.9883426427841187, 0.9756461381912231, 0.9864321351051331], "recall": [0.9100000262260437, 0.9319999814033508, 0.9390000104904175, 0.9390000104904175, 0.9359999895095825, 0.9415000081062317, 0.9369999766349792, 0.9470000267028809, 0.953000009059906, 0.9599999785423279, 0.9620000123977661, 0.9595000147819519, 0.9704999923706055, 0.9605000019073486, 0.968999981880188, 0.9739999771118164, 0.9739999771118164, 0.968999981880188, 0.9735000133514404, 0.9789999723434448, 0.9779999852180481, 0.9725000262260437, 0.9769999980926514, 0.9700000286102295, 0.9804999828338623, 0.9754999876022339, 0.9804999828338623, 0.9810000061988831, 0.9794999957084656, 0.9750000238418579, 0.9815000295639038, 0.9815000295639038], "val_accuracy": [0.5960000157356262, 0.6069999933242798, 0.6610000133514404, 0.7480000257492065, 0.8510000109672546, 0.8109999895095825, 0.8659999966621399, 0.8889999985694885, 0.7609999775886536, 0.8230000138282776, 0.8190000057220459, 0.8519999980926514, 0.8080000281333923, 0.8989999890327454, 0.9300000071525574, 0.9330000281333923, 0.9369999766349792, 0.9390000104904175, 0.9750000238418579, 0.9210000038146973, 0.9660000205039978, 0.9729999899864197, 0.9539999961853027, 0.9620000123977661, 0.925000011920929, 0.953000009059906, 0.925000011920929, 0.9430000185966492, 0.9409999847412109, 0.9520000219345093, 0.9520000219345093, 0.9729999899864197], "val_auc": [0.6735339760780334, 0.7194399833679199, 0.8335980176925659, 0.8683860301971436, 0.9193520545959473, 0.93163001537323, 0.9578719735145569, 0.9661819934844971, 0.9266199469566345, 0.9324259161949158, 0.9647039175033569, 0.9795539975166321, 0.9662419557571411, 0.9830860495567322, 0.9903740286827087, 0.9924679398536682, 0.992605984210968, 0.9925119876861572, 0.9949660301208496, 0.9867239594459534, 0.9954540133476257, 0.9966500401496887, 0.9916200041770935, 0.9919520616531372, 0.9887420535087585, 0.9951420426368713, 0.9874480366706848, 0.9930400252342224, 0.9946061372756958, 0.9934200048446655, 0.9951519966125488, 0.9962759613990784], "val_loss": [3.0518553256988525, 1.936204433441162, 1.6292082071304321, 1.0197280645370483, 0.4387145936489105, 0.6430246233940125, 0.33909016847610474, 0.3905937969684601, 0.9771304726600647, 0.44687286019325256, 0.6139360666275024, 0.4482021629810333, 0.6191214323043823, 0.2826305329799652, 0.18812282383441925, 0.1890721470117569, 0.16936130821704865, 0.16229301691055298, 0.09076588600873947, 0.20611293613910675, 0.08827736228704453, 0.07483458518981934, 0.11878806352615356, 0.10726885497570038, 0.217330202460289, 0.11736103892326355, 0.23043698072433472, 0.15109701454639435, 0.1439838707447052, 0.1139594316482544, 0.1117023378610611, 0.07923786342144012], "val_precision": [0.5541760921478271, 0.5776487588882446, 0.9548022747039795, 0.9366196990013123, 0.8943819999694824, 0.7352496385574341, 0.815517246723175, 0.8247078657150269, 0.6775510311126709, 0.8799999952316284, 0.7355982065200806, 0.7716049551963806, 0.7225433588027954, 0.8352941274642944, 0.881205677986145, 0.883185863494873, 0.8922800421714783, 0.8954954743385315, 0.9721670150756836, 0.9839080572128296, 0.9533073902130127, 0.9592233300209045, 0.943359375, 0.9583333134651184, 0.8721541166305542, 0.9186691045761108, 0.8734622001647949, 0.9034608602523804, 0.9016393423080444, 0.9248120188713074, 0.9200743436813354, 0.9592233300209045], "val_recall": [0.9819999933242798, 0.7960000038146973, 0.33799999952316284, 0.5320000052452087, 0.7960000038146973, 0.972000002861023, 0.9459999799728394, 0.9879999756813049, 0.9959999918937683, 0.7480000257492065, 0.9959999918937683, 1.0, 1.0, 0.9940000176429749, 0.9940000176429749, 0.9980000257492065, 0.9940000176429749, 0.9940000176429749, 0.9779999852180481, 0.8560000061988831, 0.9800000190734863, 0.9879999756813049, 0.9660000205039978, 0.9660000205039978, 0.9959999918937683, 0.9940000176429749, 0.9940000176429749, 0.9919999837875366, 0.9900000095367432, 0.984000027179718, 0.9900000095367432, 0.9879999756813049], "learning_rate": [0.0010000000474974513, 0.0010000000474974513, 0.0010000000474974513, 0.0010000000474974513, 0.0010000000474974513, 0.0010000000474974513, 0.0010000000474974513, 0.0010000000474974513, 0.0010000000474974513, 0.0010000000474974513, 0.0010000000474974513, 0.0010000000474974513, 0.0003000000142492354, 0.0003000000142492354, 0.0003000000142492354, 0.0003000000142492354, 0.0003000000142492354, 0.0003000000142492354, 0.0003000000142492354, 0.0003000000142492354, 0.0003000000142492354, 0.0003000000142492354, 0.0003000000142492354, 0.0003000000142492354, 0.0003000000142492354, 0.0003000000142492354, 0.0003000000142492354, 9.000000136438757e-05, 9.000000136438757e-05, 9.000000136438757e-05, 9.000000136438757e-05, 9.000000136438757e-05]}