{"loss": [0.3772691360209137, 0.23364145355299115, 0.18041424942202866, 0.17028090707026422, 0.18202522839419544, 0.16198473633266985, 0.14143736031837761, 0.14084302843548357, 0.14098712534178048, 0.12476729857735336, 0.12085126456804574, 0.1235517276218161, 0.11957682739011943, 0.1270731242839247, 0.15374292037449777, 0.13234377116896212, 0.13631047308444977, 0.1134547155816108, 0.09630890103289858, 0.09914350567851216, 0.10271320806350559, 0.099255719804205, 0.10731227020733058, 0.08922203665133566, 0.1060018241405487, 0.10127248871140182, 0.08700904296711087, 0.08504906599409878, 0.09502197976689786, 0.09097927564289421, 0.08771658228943124, 0.08449583034962416, 0.10770600056275725, 0.06919781700707972, 0.05958683404605836, 0.05910268152365461, 0.05437083187280223, 0.06084656962775625, 0.06239595828810707, 0.05578867730218917, 0.05469392868690193, 0.049677512055495754, 0.05674815911334008, 0.0521221901581157, 0.048201111203525215, 0.05372817977331579, 0.05919135536532849, 0.04209977510618046, 0.048291046638041735, 0.046063423360465094], "val_loss": [15.336561679840088, 11.047272801399231, 8.966768503189087, 7.6561190485954285, 6.509359002113342, 6.503102540969849, 3.9217667877674103, 3.035402536392212, 3.4477723240852356, 2.6533565670251846, 2.4994127303361893, 1.46405890583992, 1.2928557395935059, 1.146868646144867, 1.9474891424179077, 0.6302090920507908, 0.17155874706804752, 0.3491598851978779, 1.0672524869441986, 0.22716251574456692, 0.12843883596360683, 1.1651536375284195, 0.160942648537457, 0.1345504445489496, 0.18266412056982517, 0.12402130337432027, 0.6172219663858414, 0.8272034451365471, 0.1516779437661171, 0.13809490902349353, 0.2609014455229044, 0.4101148247718811, 0.17304445430636406, 0.11313256155699492, 0.17141541931778193, 0.11541086062788963, 0.10071873408742249, 0.12988243717700243, 0.18686070386320353, 0.10882500070147216, 0.09667277161497623, 0.11269890866242349, 0.10196033981628716, 0.10614966554567218, 0.10616225702688098, 0.1195102003403008, 0.12705279607325792, 0.10613409033976495, 0.11006038030609488, 0.13764876313507557], "accuracy": [0.83925, 0.90925, 0.934, 0.93525, 0.9335, 0.9395, 0.943, 0.94675, 0.94425, 0.95125, 0.95425, 0.95125, 0.95525, 0.95175, 0.937, 0.95, 0.94875, 0.9555, 0.96175, 0.9585, 0.95875, 0.96075, 0.95675, 0.96775, 0.959, 0.961, 0.9685, 0.97025, 0.9645, 0.96425, 0.96875, 0.968, 0.95625, 0.9745, 0.9775, 0.978, 0.9785, 0.9775, 0.97675, 0.98, 0.977, 0.98025, 0.9785, 0.97925, 0.98025, 0.97875, 0.9775, 0.985, 0.9825, 0.985], "val_accuracy": [0.5, 0.5, 0.5, 0.5, 0.514, 0.518, 0.573, 0.569, 0.589, 0.649, 0.63, 0.733, 0.719, 0.619, 0.649, 0.875, 0.945, 0.916, 0.713, 0.925, 0.963, 0.75, 0.941, 0.957, 0.954, 0.963, 0.817, 0.707, 0.957, 0.962, 0.917, 0.825, 0.94, 0.961, 0.944, 0.963, 0.967, 0.958, 0.942, 0.964, 0.971, 0.957, 0.966, 0.963, 0.963, 0.963, 0.959, 0.964, 0.964, 0.954], "precision": [0.8481272447408927, 0.8956017399710005, 0.9225900681596884, 0.9207346544224263, 0.9241682974559687, 0.9321533923303835, 0.9407960199004975, 0.9356411506582155, 0.9400693412580485, 0.946561108362197, 0.9420924574209246, 0.9439252336448598, 0.9465424227562531, 0.9400876765708719, 0.9331020812685827, 0.9377431906614786, 0.9458519622454049, 0.9430933852140078, 0.9574046557701833, 0.9562189054726368, 0.9544328875681031, 0.9564140663694899, 0.9506660088801184, 0.9633481921743438, 0.9558093346573983, 0.9537401574803149, 0.963402571711177, 0.968609865470852, 0.9635728542914171, 0.9589718240237272, 0.9629629629629629, 0.9694082246740221, 0.9484029484029484, 0.9693372898120672, 0.975597609561753, 0.9789579158316634, 0.9728260869565217, 0.9765469061876247, 0.9750871948181365, 0.9838709677419355, 0.9760479041916168, 0.9804902451225613, 0.978021978021978, 0.975682382133995, 0.9776230730979613, 0.9770802192326856, 0.9765469061876247, 0.9840319361277445, 0.9825, 0.9840319361277445], "recall": [0.8265, 0.9265, 0.9475, 0.9525, 0.9445, 0.948, 0.9455, 0.9595, 0.949, 0.9565, 0.968, 0.9595, 0.965, 0.965, 0.9415, 0.964, 0.952, 0.9695, 0.9665, 0.961, 0.9635, 0.9655, 0.9635, 0.9725, 0.9625, 0.969, 0.974, 0.972, 0.9655, 0.97, 0.975, 0.9665, 0.965, 0.98, 0.9795, 0.977, 0.9845, 0.9785, 0.9785, 0.976, 0.978, 0.98, 0.979, 0.983, 0.983, 0.9805, 0.9785, 0.986, 0.9825, 0.986], "auc": [0.918964, 0.9632835, 0.9793077500000003, 0.9818217500000002, 0.97990375, 0.98303125, 0.987262875, 0.987643625, 0.9872230000000001, 0.989538, 0.98994425, 0.99104525, 0.990975, 0.98985225, 0.9860455000000001, 0.98917025, 0.988318, 0.99218575, 0.993748125, 0.9937059999999999, 0.99328175, 0.9938405, 0.9923542499999999, 0.9951432499999999, 0.992963625, 0.9936315000000001, 0.9950057499999999, 0.9951225, 0.9947482500000001, 0.99491975, 0.9953482499999999, 0.99579125, 0.993469, 0.99716375, 0.99797925, 0.997739, 0.99812475, 0.99765575, 0.9977472500000001, 0.99821475, 0.998293, 0.99842475, 0.9979495, 0.9982565, 0.9986489999999999, 0.9982135, 0.99780875, 0.9989397499999999, 0.998669, 0.99844525], "f1": [0.8371739680931881, 0.9107888916195626, 0.9348791317217563, 0.9363479970508725, 0.9342235410484668, 0.9400099157164105, 0.943142144638404, 0.9474203900271538, 0.9445135605872107, 0.9515046008455608, 0.9548705302096178, 0.9516488966030251, 0.9556820995295865, 0.9523809523809523, 0.9372822299651568, 0.9506903353057199, 0.9489160229254922, 0.9561143984220908, 0.9619308285643194, 0.9586034912718204, 0.9589450111968151, 0.9609355561084847, 0.9570399801340949, 0.9679024632993282, 0.9591429995017439, 0.9613095238095238, 0.9686723023371457, 0.9703019715497879, 0.9645354645354646, 0.9644543872731792, 0.968944099378882, 0.9679519278918377, 0.9566294919454771, 0.9746394828443561, 0.9775449101796407, 0.977977977977978, 0.9786282306163022, 0.9775224775224776, 0.9767906164212627, 0.9799196787148594, 0.977022977022977, 0.9802450612653163, 0.9785107446276862, 0.9793275217932752, 0.9803041635502369, 0.9787871225355628, 0.9775224775224776, 0.985014985014985, 0.9825, 0.985014985014985], "val_precision": [0.0, 0.0, 0.0, 0.0, 0.85, 0.95, 0.8762886597938144, 0.96, 0.9009009009009009, 0.9627329192546584, 0.9642857142857143, 0.983402489626556, 0.9781659388646288, 0.983739837398374, 0.9933774834437086, 0.987012987012987, 0.9513184584178499, 0.9748858447488584, 0.9907834101382489, 0.9796839729119639, 0.9530332681017613, 0.9921259842519685, 0.9824945295404814, 0.967280163599182, 0.9348659003831418, 0.9676767676767677, 0.9907120743034056, 0.9683257918552036, 0.9770354906054279, 0.9494163424124513, 0.8588640275387264, 0.9526462395543176, 0.9761904761904762, 0.9656565656565657, 0.9095940959409594, 0.9695740365111561, 0.9623762376237623, 0.9790794979079498, 0.9846491228070176, 0.977366255144033, 0.9663366336633663, 0.9489194499017681, 0.9623015873015873, 0.9548133595284872, 0.9734151329243353, 0.9753593429158111, 0.9731958762886598, 0.9658634538152611, 0.9734693877551021, 0.9789029535864979], "val_recall": [0.0, 0.0, 0.0, 0.0, 0.034, 0.038, 0.17, 0.144, 0.2, 0.31, 0.27, 0.474, 0.448, 0.242, 0.3, 0.76, 0.938, 0.854, 0.43, 0.868, 0.974, 0.504, 0.898, 0.946, 0.976, 0.958, 0.64, 0.428, 0.936, 0.976, 0.998, 0.684, 0.902, 0.956, 0.986, 0.956, 0.972, 0.936, 0.898, 0.95, 0.976, 0.966, 0.97, 0.972, 0.952, 0.95, 0.944, 0.962, 0.954, 0.928], "val_auc": [0.6367400000000001, 0.7457619999999999, 0.711788, 0.5965039999999999, 0.690552, 0.703924, 0.739652, 0.8267120000000001, 0.7609480000000001, 0.8410120000000001, 0.8536239999999998, 0.94398, 0.941664, 0.9781279999999999, 0.921048, 0.9793679999999999, 0.98578, 0.9811200000000001, 0.985756, 0.9890180000000001, 0.99136, 0.979856, 0.990076, 0.989716, 0.989432, 0.990276, 0.986176, 0.95278, 0.9894280000000001, 0.9906900000000001, 0.995012, 0.9568359999999999, 0.9892319999999999, 0.9926379999999999, 0.991166, 0.9929520000000001, 0.9939019999999998, 0.9929319999999999, 0.9925660000000001, 0.993628, 0.9945299999999999, 0.9924, 0.993914, 0.993404, 0.9947760000000001, 0.993564, 0.99316, 0.994024, 0.9938400000000001, 0.993036],