{"framework": "torch", "model_name": "pytorch_cnn_baseline.pth", "total_training_time_sec": 279.14383912086487, "avg_time_per_epoch_sec": 6.808386320021095, "epochs_ran": 41, "best_epoch": 31, "best_val_loss": 0.10603904817253351, "best_val_accuracy": 0.967, "param_count": 455201, "batch_size": 128, "learning_rate": 0.001, "train_dataset_size": 4000, "val_dataset_size": 1000, "gpu_name": "Tesla T4", "seed_used": 7331, "run_timestamp": "2026-02-17T21:58:07.806792", "model_size_mb": 1.753525733947754}