{"framework": "torch", "model_name": "pytorch_hybrid.pth", "total_training_time_sec": 261.3813953399658, "avg_time_per_epoch_sec": 5.2276279067993165, "epochs_ran": 50, "best_epoch": 41, "best_val_loss": 0.09667277161497623, "best_val_accuracy": 0.971, "param_count": 794145, "batch_size": 128, "learning_rate": 0.001, "train_dataset_size": 4000, "val_dataset_size": 1000, "gpu_name": "Tesla T4", "seed_used": 7331, "run_timestamp": "2026-02-18T08:46:44.029287", "model_size_mb": 3.054917335510254}