{"loss": [0.4055358658079058, 0.27210984844714403, 0.2040627293754369, 0.17640264984220266, 0.19564841408282518, 0.19724624045193195, 0.16153974598273635, 0.14771537005435675, 0.1241225526900962, 0.13068287773057818, 0.13452717999462038, 0.1309218507958576, 0.12138130515813828, 0.12652549683116376, 0.12726619117893279, 0.12763354880735278, 0.11399936978705227, 0.11920283222571015, 0.10853092069737613, 0.10495207004714757, 0.10625874681863934, 0.10898730612825602, 0.10582607134710997, 0.10718707041814923, 0.10778383328579366, 0.10268476710189134, 0.09782964520854875, 0.09776387445162982, 0.11262349155731499, 0.10471313877496868, 0.09488878981210291, 0.09707136545330286, 0.11640826670918614, 0.09671386994887143, 0.09057030593976378, 0.09489896683953702, 0.09269759140443057, 0.08226148248650134, 0.0862435782328248, 0.08310624514706433, 0.08085471042431891], "val_loss": [2.1312156021595, 4.327819257974625, 5.882307827472687, 7.661562621593475, 6.482710659503937, 5.4376155734062195, 3.8019375801086426, 2.7435500621795654, 2.9005317091941833, 1.5129363536834717, 1.388840764760971, 0.5109033845365047, 0.21082693431526423, 0.18764706887304783, 1.357467144727707, 0.16439780313521624, 0.13852707017213106, 0.173241984564811, 0.14422904700040817, 0.15908527141436934, 0.13368264259770513, 0.13398315967060626, 0.21625850349664688, 0.2765734251588583, 0.1268734885379672, 0.46410333178937435, 0.17444530129432678, 0.15836194343864918, 0.12081692600622773, 0.11626637820154428, 0.10603904817253351, 0.11991713428869843, 0.12014436349272728, 0.12945250142365694, 0.11920562153682113, 0.19999522995203733, 0.15453780349344015, 0.13886969489976764, 0.14078870648518205, 0.12319277971982956, 0.1166447689756751], "accuracy": [0.827, 0.892, 0.91925, 0.92875, 0.9285, 0.92575, 0.9355, 0.9445, 0.9515, 0.94925, 0.948, 0.9505, 0.954, 0.9505, 0.94975, 0.9505, 0.95675, 0.95475, 0.9565, 0.957, 0.959, 0.95725, 0.9575, 0.96, 0.95825, 0.9585, 0.96425, 0.9615, 0.9575, 0.96, 0.963, 0.96225, 0.9565, 0.96425, 0.96725, 0.9625, 0.96525, 0.96725, 0.96675, 0.96725, 0.971], "val_accuracy": [0.5, 0.5, 0.5, 0.5, 0.517, 0.515, 0.557, 0.56, 0.57, 0.651, 0.673, 0.825, 0.923, 0.935, 0.7, 0.949, 0.953, 0.949, 0.958, 0.947, 0.955, 0.96, 0.934, 0.918, 0.96, 0.846, 0.944, 0.944, 0.959, 0.959, 0.967, 0.958, 0.959, 0.954, 0.962, 0.914, 0.951, 0.955, 0.958, 0.959, 0.958], "precision": [0.8296370967741935, 0.8772858517805582, 0.9072365225837785, 0.9160601649684619, 0.9196865817825661, 0.916789035731767, 0.9203667953667953, 0.9370698131760079, 0.943081452404318, 0.9410898379970545, 0.9392156862745098, 0.9408023483365949, 0.9464110127826942, 0.941234084231146, 0.9428852781880847, 0.9434055118110236, 0.9515570934256056, 0.9425790754257908, 0.9519801980198019, 0.9476003917727718, 0.95, 0.9538461538461539, 0.9507389162561576, 0.9532019704433498, 0.9598595082789764, 0.9508357915437562, 0.9580661075481006, 0.9542322834645669, 0.9556772908366534, 0.9523107177974435, 0.9611553784860558, 0.9615576635047429, 0.9510869565217391, 0.9576145884672252, 0.9614814814814815, 0.9625, 0.9563511525257479, 0.9642324888226528, 0.9591736350221348, 0.9651567944250871, 0.9700598802395209], "recall": [0.823, 0.9115, 0.934, 0.944, 0.939, 0.9365, 0.9535, 0.953, 0.961, 0.9585, 0.958, 0.9615, 0.9625, 0.961, 0.9575, 0.9585, 0.9625, 0.9685, 0.9615, 0.9675, 0.969, 0.961, 0.965, 0.9675, 0.9565, 0.967, 0.971, 0.9695, 0.9595, 0.9685, 0.965, 0.963, 0.9625, 0.9715, 0.9735, 0.9625, 0.975, 0.9705, 0.975, 0.9695, 0.972], "auc": [0.90547675, 0.9536277499999999, 0.9738352499999999, 0.9804645000000001, 0.976336625, 0.9754335, 0.9828862500000001, 0.986155, 0.98974725, 0.989129125, 0.98786375, 0.9891865000000001, 0.9903522499999999, 0.9896302499999999, 0.99005325, 0.989433, 0.99170475, 0.99121275, 0.992315, 0.992614, 0.99238075, 0.9925215000000001, 0.99266425, 0.9931867499999999, 0.992721, 0.993455, 0.9939153749999999, 0.9936945, 0.9922570000000001, 0.9928315, 0.9945572500000002, 0.99479775, 0.9920605, 0.994311375, 0.9949365, 0.9943460000000001, 0.9944779999999999, 0.9961552499999999, 0.9954010000000001, 0.995719, 0.99632825], "f1": [0.8263052208835341, 0.8940657184894556, 0.9204237496920423, 0.929820241319872, 0.9292429490351312, 0.9265396982438783, 0.9366404715127702, 0.9449677739216659, 0.9519564140663694, 0.9497151350012385, 0.9485148514851485, 0.9510385756676558, 0.954387704511651, 0.9510143493320139, 0.9501364425700819, 0.9508928571428571, 0.956997265722098, 0.955363748458693, 0.9567164179104478, 0.9574468085106383, 0.9594059405940594, 0.9574097135740971, 0.9578163771712159, 0.9602977667493796, 0.9581768094164789, 0.9588497768963807, 0.9644896945617085, 0.9618055555555556, 0.9575848303393214, 0.9603371343579573, 0.9630738522954092, 0.9622782912815389, 0.9567594433399602, 0.9645073219161082, 0.9674534161490683, 0.9625, 0.965585540975489, 0.9673560926987291, 0.9670220679394992, 0.9673235220753305, 0.971028971028971], "val_precision": [0.0, 0.0, 0.0, 0.0, 0.8695652173913043, 1.0, 1.0, 1.0, 1.0, 0.9870967741935484, 0.9887005649717514, 0.9793510324483776, 0.9568034557235421, 0.9718004338394793, 0.9807692307692307, 0.9243856332703214, 0.9347408829174664, 0.9196261682242991, 0.9370229007633588, 0.9162011173184358, 0.9349904397705545, 0.9563492063492064, 0.8861209964412812, 0.8615916955017301, 0.952755905511811, 0.7653374233128835, 0.9549180327868853, 0.9157303370786517, 0.9388145315487572, 0.9617706237424547, 0.9660678642714571, 0.9507874015748031, 0.9731958762886598, 0.9503968253968254, 0.9459459459459459, 0.944206008583691, 0.9465346534653465, 0.928436911487759, 0.9337121212121212, 0.9421965317919075, 0.9437984496124031], "val_recall": [0.0, 0.0, 0.0, 0.0, 0.04, 0.03, 0.114, 0.12, 0.14, 0.306, 0.35, 0.664, 0.886, 0.896, 0.408, 0.978, 0.974, 0.984, 0.982, 0.984, 0.978, 0.964, 0.996, 0.996, 0.968, 0.998, 0.932, 0.978, 0.982, 0.956, 0.968, 0.966, 0.944, 0.958, 0.98, 0.88, 0.956, 0.986, 0.986, 0.978, 0.974], "val_auc": [0.707824, 0.6877439999999999, 0.8015079999999999, 0.636924, 0.696168, 0.7456119999999999, 0.7931360000000001, 0.8799440000000001, 0.873984, 0.9421320000000001, 0.946052, 0.9795280000000001, 0.9814240000000001, 0.98722, 0.9710400000000001, 0.98732, 0.989412, 0.9890840000000001, 0.9897560000000001, 0.989892, 0.989964, 0.989906, 0.9895780000000001, 0.9900260000000001, 0.99055, 0.99213, 0.986604, 0.987816, 0.99273, 0.991724, 0.992838, 0.990894, 0.992492, 0.9901739999999999, 0.991864, 0.981004, 0.988156, 0.99195, 0.991616, 0.99144, 0.992228], "val_f1": [0.0, 0.0, 0.0, 0.0, 0.07648183556405354, 0.05825242718446602, 0.20466786355475763, 0.21428571428571427, 0.24561403508771928, 0.467175572519084, 0.51698670605613, 0.7914183551847438, 0.9200415368639667, 0.9323621227887617, 0.576271186440678, 0.9504373177842566, 0.9539666993143977, 0.9507246376811594, 0.958984375, 0.9488910318225651, 0.9560117302052786, 0.9601593625498008, 0.9378531073446328, 0.9239332096474954, 0.9603174603174603, 0.8663194444444444, 0.9433198380566802, 0.9458413926499033, 0.9599217986314761, 0.958876629889669, 0.967032967032967, 0.9583333333333334, 0.9583756345177665, 0.954183266932271, 0.962671905697446, 0.9109730848861284, 0.9512437810945273, 0.95635305528613, 0.9591439688715954, 0.9597644749754661, 0.9586614173228346]}